{"attr2cluster":{"brand":0,"drink_type":1,"flavor_profile":2,"ingredient":3,"chemical_compound":4,"ingredient_feature":5,"health_benefit":6,"specification_met":7,"container_material":8,"material_feature":9,"fabric_material":10,"construction_material":11,"target_audience":12,"color":13,"visual_style":14,"sofa_type":15,"sofa_shape":16,"sofa_backrest_feature":17,"sofa_armrest_feature":18,"sofa_headrest_feature":19,"sofa_leg_feature":20,"sofa_chaise_feature":21,"sofa_feature":22,"visual_pattern":23,"visual_theme":24,"case_material":25,"material_finish_type":26,"strap_type":27,"closure_type":28,"team_name":29,"case_form":30,"case_protection":31,"case_functionality":32,"phone_model":33,"item_form":34,"container_form":35,"item_quantity":36,"item_weight":37,"item_size":38,"farming_related":39,"packaging_type":40,"from_location":41,"business_type":42,"customer_service":43,"price_related":44,"usage_scenario":45,"preparing_time":46,"shelf_life":47,"award_winning":48,"supply_period":49,"storage_condition":50,"eat_method":51,"drop_distance":52,"waterproof_depth":53,"grip_touch":54,"technology_related":55,"installation_related":56,"warranty_related":57,"case_structure":58,"manufacture_related":59,"weight_size_description":60,"fabric_feature":61,"weight_capacity":62,"cleaning_maintenance":63,"seating_capacity":64,"sofa_accessories":65,"sofa_cushion":66},"special_attri":[33],"seed_attri":[0,1,2,3,4,5,6,7,8,9,10,11,12,13,14,15,16,17,18,19,20,21,22,23,24,25,26,27,28,29,30,31,32,33,34,35,36,37,38],"new_attri":[39,40,41,42,43,44,45,46,47,48,49,50,51,52,53,54,55,56,57,58,59,60,61,62,63,64,65,66]}